id,first_name,last_name,username,email,password
1,Julie,Pitts,JuliePitts417,rjones@example.net,Pitts-Julie@214
2,Catherine,Brown,CatherineBrown471,ryantiffany@example.org,Brown-Catherine@941
3,Ashley,Mcclure,AshleyMcclure45,debra93@example.org,Mcclure-Ashley@242
4,Jimmy,Roberts,JimmyRoberts668,gcardenas@example.com,Roberts-Jimmy@499
5,Annette,Waters,AnnetteWaters712,anna76@example.net,Waters-Annette@956
6,Michael,Jones,MichaelJones708,elizabeth74@example.com,Jones-Michael@41
7,Alexis,Johnson,AlexisJohnson305,perezangela@example.net,Johnson-Alexis@342
8,Jessica,Hamilton,JessicaHamilton936,spencerlisa@example.org,Hamilton-Jessica@774
9,Margaret,Galloway,MargaretGalloway607,hughespeggy@example.com,Galloway-Margaret@864
10,Larry,Peterson,LarryPeterson127,dixonjohn@example.com,Peterson-Larry@627
11,Destiny,Brown,DestinyBrown157,garciakimberly@example.com,Brown-Destiny@568
12,Denise,Ramirez,DeniseRamirez878,brian14@example.com,Ramirez-Denise@769
13,Anna,Peterson,AnnaPeterson331,cardenaschristopher@example.com,Peterson-Anna@693
14,Christina,Burke,ChristinaBurke8,carolyn42@example.org,Burke-Christina@272
15,Jesse,Perez,JessePerez428,gregoryyang@example.net,Perez-Jesse@587
16,Andrea,Green,AndreaGreen758,brittanyfrank@example.org,Green-Andrea@753
17,Jordan,Warren,JordanWarren181,james93@example.net,Warren-Jordan@688
18,Maria,Pruitt,MariaPruitt304,matthewchen@example.com,Pruitt-Maria@246
19,Mason,Best,MasonBest710,lrocha@example.org,Best-Mason@178
20,Kari,Lara,KariLara552,eparker@example.net,Lara-Kari@19
21,Rebecca,Frank,RebeccaFrank481,qvazquez@example.net,Frank-Rebecca@800
22,Richard,Alexander,RichardAlexander587,robertbailey@example.com,Alexander-Richard@938
23,Michael,Martin,MichaelMartin235,thompsoncarol@example.org,Martin-Michael@142
24,Jessica,Anderson,JessicaAnderson772,hschultz@example.net,Anderson-Jessica@646
25,Olivia,Salas,OliviaSalas418,thomasmelton@example.net,Salas-Olivia@174
26,Katherine,Mccarthy,KatherineMccarthy403,rogermorrow@example.net,Mccarthy-Katherine@423
27,Kathleen,Webb,KathleenWebb455,davidmiguel@example.com,Webb-Kathleen@775
28,Tonya,Wagner,TonyaWagner233,trevornorton@example.com,Wagner-Tonya@754
29,Joseph,Cruz,JosephCruz804,christopherpierce@example.org,Cruz-Joseph@443
30,Mrs.,Renee,Mrs.Renee944,bradfordkelly@example.com,Renee-Mrs.@835
31,Joshua,Anderson,JoshuaAnderson493,kevinwright@example.org,Anderson-Joshua@432
32,William,Rodriguez,WilliamRodriguez431,joseph00@example.net,Rodriguez-William@301
33,Lauren,Allen,LaurenAllen455,jeremylynch@example.net,Allen-Lauren@534
34,Raymond,Montgomery,RaymondMontgomery558,amanda25@example.com,Montgomery-Raymond@672
35,Alex,Walters,AlexWalters298,mark39@example.net,Walters-Alex@110
36,Joshua,Delgado,JoshuaDelgado284,vmoore@example.org,Delgado-Joshua@531
37,Kylie,Beck,KylieBeck647,william54@example.org,Beck-Kylie@628
38,Dr.,Katherine,Dr.Katherine330,lgray@example.com,Katherine-Dr.@67
39,Marc,Ritter,MarcRitter263,spoole@example.org,Ritter-Marc@720
40,Kara,Garcia,KaraGarcia9,rebeccamiller@example.net,Garcia-Kara@939
41,Chelsea,Mckay,ChelseaMckay520,francisco04@example.com,Mckay-Chelsea@362
42,Brenda,Hurley,BrendaHurley213,rjohnson@example.org,Hurley-Brenda@176
43,Megan,Henderson,MeganHenderson917,kathryn19@example.org,Henderson-Megan@131
44,Paul,Mathews,PaulMathews531,wmartinez@example.com,Mathews-Paul@170
45,Justin,Orr,JustinOrr734,patriciachambers@example.net,Orr-Justin@989
46,Stephanie,Austin,StephanieAustin766,oking@example.net,Austin-Stephanie@412
47,Eric,Williamson,EricWilliamson505,jenniferparker@example.org,Williamson-Eric@692
48,David,Hall,DavidHall647,patrick83@example.net,Hall-David@788
49,Carolyn,Smith,CarolynSmith943,ricejacob@example.net,Smith-Carolyn@589
50,Laura,White,LauraWhite877,lori92@example.org,White-Laura@287
51,Deborah,Mccullough,DeborahMccullough708,lauraunderwood@example.org,Mccullough-Deborah@362
52,Brittany,Rosario,BrittanyRosario347,jasonwright@example.net,Rosario-Brittany@739
53,Tracy,Randolph,TracyRandolph412,robert44@example.org,Randolph-Tracy@682
54,Emily,Howard,EmilyHoward824,summer88@example.com,Howard-Emily@731
55,Robert,Benson,RobertBenson420,aliciaschmidt@example.net,Benson-Robert@89
